{"cameraMode":{"drawMode":0,"name":"Shaded","section":"Shading Mode"},"sceneLighting":false,"audioPlay":false,"sceneViewState":{"m_AlwaysRefresh":false,"showFog":false,"showSkybox":false,"showFlares":false,"showImageEffects":false,"showParticleSystems":false,"showVisualEffectGraphs":true,"m_FxEnabled":true},"in2DMode":false,"pivot":{"x":0.00006212317384779453,"y":0.006962195038795471,"z":0.0005966254975646734},"rotation":{"x":-0.004413823131471872,"y":0.809873104095459,"z":0.006051961798220873,"w":0.5866968035697937},"size":0.009526044130325318,"orthographic":false}